conversation_id,topic,turn,step,role,message
1,Solving Linear Equations,1,1,student,Solve the equation: 2x + 3 = 7.
1,Solving Linear Equations,2,1,system,"First, subtract 3 from both sides of the equation to start isolating x. This gives us 2x = 7−3, which simplifies to 2x = 4. Do you understand this step? (Yes/No/Explain More)"
1,Solving Linear Equations,3,1,student,No.
1,Solving Linear Equations,4,1,system,"To solve for x, we need to simplify the equation. Right now, the equation is 2x + 3 = 7. The goal is to get x by itself. So, subtract 3 from both sides to cancel out the +3 on the left-hand side. That leaves us with 2x = 4. Does that help? (Yes/No/Explain More)"
1,Solving Linear Equations,5,1,student,Yes.
1,Solving Linear Equations,6,2,system,"Now, to find x, divide both sides of the equation by 2. So, x = 4/2, which simplifies to x = 2. Do you understand this step? (Yes/No/Explain More)"
1,Solving Linear Equations,7,2,student,Explain more.
1,Solving Linear Equations,8,2,system,"To isolate x, we divide both sides of the equation by 2 because x is multiplied by 2. Dividing 4 by 2 gives x = 2. This is because the opposite of multiplication is division. Is this clear now? (Yes/No)"
1,Solving Linear Equations,9,2,student,Yes.
1,Solving Linear Equations,10,3,system,Great! The solution to the equation is x = 2. You've learned that subtracting and dividing helps solve for the variable. Would you like to try a similar problem or ask about something else?
2,Solving Quadratic Equations,1,1,student,Solve the equation: x^2 - 4 = 0.
2,Solving Quadratic Equations,2,1,system,"First, add 4 to both sides of the equation to isolate the x^2 term. This gives us x^2 = 4. Do you understand this step? (Yes/No/Explain More)"
2,Solving Quadratic Equations,3,1,student,Yes.
2,Solving Quadratic Equations,4,2,system,"Now, take the square root of both sides to solve for x. Remember, this gives us two possible solutions: x = ±2. Do you understand this step? (Yes/No/Explain More)"
2,Solving Quadratic Equations,5,2,student,Explain more.
2,Solving Quadratic Equations,6,2,system,"Taking the square root of x^2 removes the square and gives us x. For x^2 = 4, the square root of 4 is 2, but we consider both positive and negative roots. So, x = 2 and x = -2. Is this clear now? (Yes/No)"
2,Solving Quadratic Equations,7,2,student,Yes.
2,Solving Quadratic Equations,8,3,system,Great! The solutions to the equation are x = 2 and x = -2. Would you like to try another quadratic equation or move to a different topic?
